id;title;keywords;description;rating;date_added;date_modified;price
1;Acero;Asistente;cross-platform Director;35091;2023-03-10;2023-03-10;69097
2;Guapo;Inversor Pound withdrawal;deposit Avenida Metal;83023;2023-03-10;2023-03-10;57853
3;Increible Italia;compressing withdrawal Rojo;Bedfordshire Jordania neutral;4184;2023-03-10;2023-03-10;6446
4;Ordenador CFP Negro;Travesía;distributed Morado JSON;55869;2023-03-10;2023-03-10;20809
5;Genérico;hibrida Calleja;Patatas Configurable Solar;5902;2023-03-10;2023-03-10;26845
6;pixel móbil quantifying;rich de Interno;Seguro Fantástico Sorprendente;44109;2023-03-10;2023-03-10;95618
7;Creativo;sticky Explanada Hogar;Checking sistemática;9545;2023-03-10;2023-03-10;5859
8;deposit;Cambridgeshire Silla;Uganda;99958;2023-03-10;2023-03-11;16003
9;Balboa Cuentas Aragón;Account;Global Decoración Plástico;67786;2023-03-10;2023-03-10;90493
10;optical functionalities;local;online Home Urbanización;51362;2023-03-10;2023-03-10;31243
